machine_id,machine_type,timestamp,health_score,health_state,health_state_label,anomaly_status,anomaly_score,degradation_status,degradation_rate,rul_hours,vibration_magnitude,temperature,operating_hours
TXM-001,TypeA,2025-01-05 03:30:00,34.0,1,Warning,False,0.4967,RAPID_DEGRADATION,0.0437,3.4,1.2192,75.17,2445.2
TXM-013,TypeC,2025-01-07 03:30:00,59.7,0,Good,False,0.4359,RAPID_DEGRADATION,0.0721,9.8,1.2573,82.02,7498.4
TXM-044,TypeD,2025-01-13 03:30:00,60.0,0,Good,False,0.4492,RAPID_DEGRADATION,0.0099,19.9,1.3895,81.89,2255.3
TXM-022,TypeB,2025-01-09 03:30:00,60.2,0,Good,False,0.457,RAPID_DEGRADATION,0.0955,17.1,1.3255,82.92,7305.0
TXM-007,TypeB,2025-01-06 03:30:00,60.7,0,Good,False,0.4483,RAPID_DEGRADATION,0.0192,18.0,1.3319,79.19,3456.0
TXM-017,TypeB,2025-01-08 03:30:00,60.7,0,Good,False,0.4505,RAPID_DEGRADATION,0.0567,15.6,1.3021,82.16,4508.4
TXM-039,TypeD,2025-01-12 03:30:00,60.7,0,Good,False,0.4263,RAPID_DEGRADATION,0.0,16.4,1.311,80.73,5817.9
TXM-032,TypeB,2025-01-11 03:30:00,60.9,0,Good,False,0.4553,RAPID_DEGRADATION,0.0453,25.6,1.4371,85.28,4300.7
TXM-004,TypeD,2025-01-05 03:30:00,61.0,0,Good,False,0.4404,RAPID_DEGRADATION,0.0,19.8,1.2969,81.58,4287.6
TXM-036,TypeA,2025-01-12 03:30:00,61.0,0,Good,False,0.4353,RAPID_DEGRADATION,0.0559,19.4,1.2981,90.76,2709.7
TXM-049,TypeD,2025-01-14 03:30:00,61.0,0,Good,False,0.4275,RAPID_DEGRADATION,0.0,27.5,1.2987,82.6,5874.9
TXM-027,TypeB,2025-01-10 03:30:00,61.3,0,Good,False,0.4517,RAPID_DEGRADATION,0.0677,14.3,1.3839,83.56,2169.9
TXM-002,TypeB,2025-01-05 03:30:00,61.4,0,Good,False,0.4351,RAPID_DEGRADATION,0.0925,22.5,1.2701,83.98,1478.0
TXM-003,TypeC,2025-01-05 03:30:00,61.7,0,Good,False,0.4278,RAPID_DEGRADATION,0.0193,13.2,1.2,78.25,3102.1
TXM-024,TypeD,2025-01-09 03:30:00,61.7,0,Good,False,0.438,RAPID_DEGRADATION,0.0532,10.5,1.233,82.23,5649.2
TXM-029,TypeD,2025-01-10 03:30:00,61.7,0,Good,False,0.4328,RAPID_DEGRADATION,0.0188,14.8,1.3473,83.77,6254.7
TXM-014,TypeD,2025-01-07 03:30:00,61.8,0,Good,False,0.4401,RAPID_DEGRADATION,0.0211,17.5,1.2206,79.75,5017.2
TXM-037,TypeB,2025-01-12 03:30:00,61.8,0,Good,False,0.458,RAPID_DEGRADATION,0.1014,11.5,1.3795,81.33,4145.0
TXM-021,TypeA,2025-01-09 03:30:00,62.0,0,Good,False,0.4162,RAPID_DEGRADATION,0.0267,6.4,1.1446,77.91,6114.2
TXM-009,TypeD,2025-01-06 03:30:00,62.3,0,Good,False,0.4345,RAPID_DEGRADATION,0.0284,15.8,1.3568,76.22,4260.5
TXM-019,TypeD,2025-01-08 03:30:00,62.3,0,Good,False,0.4508,RAPID_DEGRADATION,0.0,14.3,1.3354,75.45,3115.4
TXM-047,TypeB,2025-01-14 03:30:00,63.0,0,Good,False,0.4541,RAPID_DEGRADATION,0.0,21.1,1.2203,81.28,2333.5
TXM-034,TypeD,2025-01-11 03:30:00,63.1,0,Good,False,0.4411,RAPID_DEGRADATION,0.0122,12.5,1.2818,77.33,2045.4
TXM-042,TypeB,2025-01-13 03:30:00,63.1,0,Good,False,0.4497,RAPID_DEGRADATION,0.0,13.9,1.1841,79.68,2203.2
TXM-033,TypeC,2025-01-11 03:30:00,63.3,0,Good,False,0.4465,RAPID_DEGRADATION,0.0253,1.0,1.2762,74.2,6848.8
TXM-008,TypeC,2025-01-06 03:30:00,63.4,0,Good,False,0.4297,RAPID_DEGRADATION,0.0086,5.0,1.1741,77.38,3515.5
TXM-041,TypeA,2025-01-13 03:30:00,63.7,0,Good,False,0.4363,RAPID_DEGRADATION,0.0,58.1,1.3202,78.09,1001.6
TXM-026,TypeA,2025-01-10 03:30:00,64.0,0,Good,False,0.4226,RAPID_DEGRADATION,0.0,11.9,1.2219,71.77,5770.5
TXM-011,TypeA,2025-01-07 03:30:00,64.2,0,Good,False,0.4467,RAPID_DEGRADATION,0.0,15.3,1.1806,79.89,3903.2
TXM-012,TypeB,2025-01-07 03:30:00,64.4,0,Good,False,0.436,RAPID_DEGRADATION,0.0,11.8,1.2409,71.35,7766.7
TXM-018,TypeC,2025-01-08 03:30:00,64.7,0,Good,False,0.4448,RAPID_DEGRADATION,0.0,11.5,1.0899,70.76,8403.8
TXM-031,TypeA,2025-01-11 03:30:00,64.7,0,Good,False,0.4468,RAPID_DEGRADATION,0.0,7.3,1.2296,73.7,5695.7
TXM-035,TypeE,2025-01-11 03:30:00,65.7,0,Good,False,0.4236,RAPID_DEGRADATION,0.0267,1.5,1.0646,72.7,3938.6
TXM-046,TypeA,2025-01-14 03:30:00,66.4,0,Good,False,0.4279,RAPID_DEGRADATION,0.0,9.4,1.1464,75.77,6325.0
TXM-010,TypeE,2025-01-06 03:30:00,67.1,0,Good,False,0.4192,RAPID_DEGRADATION,0.011,2.3,1.0625,71.71,2341.0
TXM-028,TypeC,2025-01-10 03:30:00,67.5,0,Good,False,0.4448,RAPID_DEGRADATION,0.0,4.2,1.122,69.3,8615.9
TXM-016,TypeA,2025-01-08 03:30:00,68.1,0,Good,False,0.4069,RAPID_DEGRADATION,0.0099,8.5,1.1228,73.18,2635.3
TXM-038,TypeC,2025-01-12 03:30:00,70.1,0,Good,False,0.4201,RAPID_DEGRADATION,0.0224,6.7,1.0263,69.84,7288.7
TXM-006,TypeA,2025-01-06 03:30:00,70.6,0,Good,False,0.4044,RAPID_DEGRADATION,0.0472,9.8,1.0375,72.31,4643.6
TXM-048,TypeC,2025-01-14 03:30:00,71.5,0,Good,False,0.413,RAPID_DEGRADATION,0.0225,8.4,1.0294,66.48,5728.2
TXM-023,TypeC,2025-01-09 03:30:00,72.3,0,Good,False,0.4319,RAPID_DEGRADATION,0.0053,13.0,0.9835,67.18,4447.6
TXM-043,TypeC,2025-01-13 03:30:00,73.1,0,Good,False,0.4247,RAPID_DEGRADATION,0.0374,1.4,0.8387,73.74,2781.8
TXM-015,TypeE,2025-01-07 03:30:00,73.6,0,Good,False,0.433,RAPID_DEGRADATION,0.0,1.8,0.9724,65.99,6642.8
TXM-045,TypeE,2025-01-13 03:30:00,75.1,0,Good,False,0.415,RAPID_DEGRADATION,0.0429,8.0,0.8849,66.91,6678.6
TXM-025,TypeE,2025-01-09 03:30:00,78.0,0,Good,False,0.431,MODERATE_DEGRADATION,0.0014,3.5,1.0433,66.67,5122.1
TXM-005,TypeE,2025-01-05 03:30:00,80.4,0,Good,False,0.431,RAPID_DEGRADATION,0.0,1.1,0.9437,55.61,2484.3
TXM-030,TypeE,2025-01-10 03:30:00,82.9,0,Good,False,0.4071,MODERATE_DEGRADATION,0.0047,9.0,0.8086,66.8,1811.9
TXM-020,TypeE,2025-01-08 03:30:00,83.3,0,Good,False,0.4273,RAPID_DEGRADATION,0.0307,1.6,0.8247,61.32,1613.4
TXM-040,TypeE,2025-01-12 03:30:00,90.5,0,Good,False,0.4173,MODERATE_DEGRADATION,0.0264,1.7,0.7983,60.1,1605.2
TXM-050,TypeE,2025-01-14 03:30:00,90.5,0,Good,False,0.4269,MODERATE_DEGRADATION,0.0,3.0,0.768,59.55,5599.4
