machine_id,temperature,vibration_x,vibration_y,vibration_z,rul_hours
TXM-001,55.66115,0.5696525,0.435503,0.305901,81.81681499999999
TXM-002,68.759,0.6999335000000001,0.5458375,0.41147500000000004,70.87269500000001
TXM-003,56.4534,0.55844,0.508957,0.241178,77.57683
TXM-004,64.76313,0.6921094999999999,0.532341,0.3862585,96.299125
TXM-005,47.591,0.507098,0.3942895,0.2565305,81.24136
TXM-006,60.48959,0.6282260000000001,0.479345,0.32992550000000004,52.66147
TXM-007,57.958075,0.6243124999999999,0.555953,0.39563699999999996,72.58349
TXM-008,60.711454999999994,0.576315,0.4281725,0.3086185,79.013225
TXM-009,62.140190000000004,0.7531455,0.46602449999999995,0.4186055,80.217225
TXM-010,56.633585000000004,0.5280955,0.429134,0.42546550000000005,58.46378
TXM-011,61.693135000000005,0.629286,0.42051900000000003,0.396654,83.118285
TXM-012,61.20488,0.6397305,0.5000865,0.372438,92.83626
TXM-013,58.52215,0.5866250000000001,0.437905,0.32919800000000005,63.850265
TXM-014,66.140445,0.746472,0.5208755,0.462334,51.894145
TXM-015,50.91897,0.45363950000000003,0.416734,0.28729299999999997,78.704785
TXM-016,59.50854999999999,0.578773,0.483182,0.39016199999999995,82.24984
TXM-017,63.07561,0.6869669999999999,0.5307695,0.42721750000000003,73.19512
TXM-018,57.838415000000005,0.689673,0.4568845,0.37368250000000003,53.857079999999996
TXM-019,61.422160000000005,0.776996,0.46456200000000003,0.430159,88.46855
TXM-020,53.33338,0.44753149999999997,0.41637599999999997,0.2313745,79.42627499999999
TXM-021,61.1598,0.6518120000000001,0.49461700000000003,0.351661,68.82794
TXM-022,64.523665,0.789116,0.5514034999999999,0.3426665,58.778195
TXM-023,53.502005,0.5744505,0.436656,0.34004449999999997,92.627945
TXM-024,66.20579,0.7173835,0.49969050000000004,0.4683505,86.70194
TXM-025,55.241475,0.6020725,0.49834049999999996,0.3601375,81.61569
TXM-026,61.28408,0.75548,0.5177705,0.39667,58.369755
TXM-027,63.351125,0.6992215,0.500433,0.4145825,71.001285
TXM-028,56.01408000000001,0.5273705000000001,0.41730049999999996,0.3376685,92.640545
TXM-029,62.296580000000006,0.614641,0.4409625,0.3699615,70.699365
TXM-030,58.78406,0.5544665,0.454916,0.2686805,60.122344999999996
TXM-031,56.376515,0.6894775,0.4313435,0.4437115,82.43672000000001
TXM-032,64.32086,0.7454575,0.5960635,0.44095100000000004,83.51639999999999
TXM-033,52.91761,0.633316,0.49258650000000004,0.377347,64.312035
TXM-034,64.782155,0.7457174999999999,0.4921085,0.431728,70.161445
TXM-035,54.351279999999996,0.525098,0.330326,0.285906,78.99729
TXM-036,65.52757,0.5755025,0.537546,0.39512349999999996,78.813605
TXM-037,60.022335000000005,0.70167,0.4814835,0.4563575,77.88783500000001
TXM-038,59.230795,0.5960329999999999,0.4473995,0.337545,56.84982
TXM-039,62.6288,0.701278,0.4681805,0.3970795,80.11402
TXM-040,49.98488999999999,0.4471705,0.4165875,0.291343,91.02749
TXM-041,60.982775000000004,0.660682,0.48236199999999996,0.3852695,82.916645
TXM-042,66.243125,0.716941,0.602475,0.46649949999999996,62.151955
TXM-043,56.52785,0.570168,0.3835295,0.241991,79.75439499999999
TXM-044,63.53306,0.6963695,0.5563505,0.37004950000000003,94.321275
TXM-045,53.14036,0.4592385,0.305043,0.219371,84.523115
TXM-046,62.352555,0.6949135,0.4846505,0.42512900000000003,54.80976
TXM-047,63.849215,0.6733169999999999,0.6327165,0.32660049999999996,68.41495
TXM-048,53.935045,0.6068345,0.493687,0.2614265,79.665925
TXM-049,67.81599,0.7374769999999999,0.5586610000000001,0.379396,65.865925
TXM-050,51.483115,0.517918,0.4013105,0.2853375,60.80558
