,count,mean,std,min,25%,median,75%,max
machine_age_years,10000.0,9.01882,4.109499101579971,2.036,5.313,9.315999999999999,12.643,14.631
operating_hours,10000.0,4328.972802699999,2019.426372487844,796.68,2413.25275,4214.8060000000005,5795.7792500000005,8615.86
load_percent,10000.0,62.488880099999996,15.60538783859226,20.0,50.23925,62.3985,74.671,100.0
rotational_speed,10000.0,2006.5758779,388.55433383872105,1174.063,1668.374,2056.4435000000003,2336.41375,2815.837
temperature,10000.0,59.5437366,11.396161540922765,35.0,50.51975,57.6045,67.80225,92.766
vibration_x,10000.0,0.6310723,0.1807705964850627,0.1533,0.4974,0.60965,0.753125,1.2193
vibration_y,10000.0,0.4765990299999999,0.13789120870672997,0.06,0.377975,0.4661,0.5668249999999999,1.0056
vibration_z,10000.0,0.36097385000000004,0.11816225572087394,0.05,0.2771,0.3565,0.4421,0.7536
maintenance_count,10000.0,1.0774,1.0825555101902462,0.0,0.0,1.0,2.0,3.0
rul_hours,10000.0,74.74155619999999,56.85988548678232,0.0,23.36,72.07499999999999,118.155,229.201
