machine_id,machine_type,risk_score,risk_level,maintenance_priority,estimated_maintenance_time_window,health_score,health_state_label,rul_hours,degradation_status,anomaly_status,vibration_magnitude,temperature,risk_explanation
TXM-001,TypeA,90.0,CRITICAL,P1_IMMEDIATE,Within 0 - 12 operating hours,34.0,Warning,3.4,RAPID_DEGRADATION,False,1.2192,75.17,"Machine TXM-001 is in CRITICAL condition. Key drivers include severely depleted remaining useful life (3.4h), rapid vibration/temperature degradation, warning health state classification."
TXM-013,TypeC,90.0,CRITICAL,P1_IMMEDIATE,Within 0 - 12 operating hours,59.7,Good,9.8,RAPID_DEGRADATION,False,1.2573,82.02,"Machine TXM-013 is in CRITICAL condition. Key drivers include severely depleted remaining useful life (9.8h), rapid vibration/temperature degradation."
TXM-024,TypeD,90.0,CRITICAL,P1_IMMEDIATE,Within 0 - 12 operating hours,61.7,Good,10.5,RAPID_DEGRADATION,False,1.233,82.23,"Machine TXM-024 is in CRITICAL condition. Key drivers include severely depleted remaining useful life (10.5h), rapid vibration/temperature degradation."
TXM-037,TypeB,90.0,CRITICAL,P1_IMMEDIATE,Within 0 - 12 operating hours,61.8,Good,11.5,RAPID_DEGRADATION,False,1.3795,81.33,"Machine TXM-037 is in CRITICAL condition. Key drivers include severely depleted remaining useful life (11.5h), rapid vibration/temperature degradation."
TXM-021,TypeA,90.0,CRITICAL,P1_IMMEDIATE,Within 0 - 12 operating hours,62.0,Good,6.4,RAPID_DEGRADATION,False,1.1446,77.91,"Machine TXM-021 is in CRITICAL condition. Key drivers include severely depleted remaining useful life (6.4h), rapid vibration/temperature degradation."
TXM-033,TypeC,90.0,CRITICAL,P1_IMMEDIATE,Within 0 - 12 operating hours,63.3,Good,1.0,RAPID_DEGRADATION,False,1.2762,74.2,"Machine TXM-033 is in CRITICAL condition. Key drivers include severely depleted remaining useful life (1.0h), rapid vibration/temperature degradation."
TXM-008,TypeC,90.0,CRITICAL,P1_IMMEDIATE,Within 0 - 12 operating hours,63.4,Good,5.0,RAPID_DEGRADATION,False,1.1741,77.38,"Machine TXM-008 is in CRITICAL condition. Key drivers include severely depleted remaining useful life (5.0h), rapid vibration/temperature degradation."
TXM-026,TypeA,90.0,CRITICAL,P1_IMMEDIATE,Within 0 - 12 operating hours,64.0,Good,11.9,RAPID_DEGRADATION,False,1.2219,71.77,"Machine TXM-026 is in CRITICAL condition. Key drivers include severely depleted remaining useful life (11.9h), rapid vibration/temperature degradation."
TXM-012,TypeB,90.0,CRITICAL,P1_IMMEDIATE,Within 0 - 12 operating hours,64.4,Good,11.8,RAPID_DEGRADATION,False,1.2409,71.35,"Machine TXM-012 is in CRITICAL condition. Key drivers include severely depleted remaining useful life (11.8h), rapid vibration/temperature degradation."
TXM-018,TypeC,90.0,CRITICAL,P1_IMMEDIATE,Within 0 - 12 operating hours,64.7,Good,11.5,RAPID_DEGRADATION,False,1.0899,70.76,"Machine TXM-018 is in CRITICAL condition. Key drivers include severely depleted remaining useful life (11.5h), rapid vibration/temperature degradation."
TXM-031,TypeA,90.0,CRITICAL,P1_IMMEDIATE,Within 0 - 12 operating hours,64.7,Good,7.3,RAPID_DEGRADATION,False,1.2296,73.7,"Machine TXM-031 is in CRITICAL condition. Key drivers include severely depleted remaining useful life (7.3h), rapid vibration/temperature degradation."
TXM-035,TypeE,90.0,CRITICAL,P1_IMMEDIATE,Within 0 - 12 operating hours,65.7,Good,1.5,RAPID_DEGRADATION,False,1.0646,72.7,"Machine TXM-035 is in CRITICAL condition. Key drivers include severely depleted remaining useful life (1.5h), rapid vibration/temperature degradation."
TXM-046,TypeA,90.0,CRITICAL,P1_IMMEDIATE,Within 0 - 12 operating hours,66.4,Good,9.4,RAPID_DEGRADATION,False,1.1464,75.77,"Machine TXM-046 is in CRITICAL condition. Key drivers include severely depleted remaining useful life (9.4h), rapid vibration/temperature degradation."
TXM-010,TypeE,90.0,CRITICAL,P1_IMMEDIATE,Within 0 - 12 operating hours,67.1,Good,2.3,RAPID_DEGRADATION,False,1.0625,71.71,"Machine TXM-010 is in CRITICAL condition. Key drivers include severely depleted remaining useful life (2.3h), rapid vibration/temperature degradation."
TXM-028,TypeC,90.0,CRITICAL,P1_IMMEDIATE,Within 0 - 12 operating hours,67.5,Good,4.2,RAPID_DEGRADATION,False,1.122,69.3,"Machine TXM-028 is in CRITICAL condition. Key drivers include severely depleted remaining useful life (4.2h), rapid vibration/temperature degradation."
TXM-016,TypeA,90.0,CRITICAL,P1_IMMEDIATE,Within 0 - 12 operating hours,68.1,Good,8.5,RAPID_DEGRADATION,False,1.1228,73.18,"Machine TXM-016 is in CRITICAL condition. Key drivers include severely depleted remaining useful life (8.5h), rapid vibration/temperature degradation."
TXM-038,TypeC,90.0,CRITICAL,P1_IMMEDIATE,Within 0 - 12 operating hours,70.1,Good,6.7,RAPID_DEGRADATION,False,1.0263,69.84,"Machine TXM-038 is in CRITICAL condition. Key drivers include severely depleted remaining useful life (6.7h), rapid vibration/temperature degradation."
TXM-006,TypeA,90.0,CRITICAL,P1_IMMEDIATE,Within 0 - 12 operating hours,70.6,Good,9.8,RAPID_DEGRADATION,False,1.0375,72.31,"Machine TXM-006 is in CRITICAL condition. Key drivers include severely depleted remaining useful life (9.8h), rapid vibration/temperature degradation."
TXM-048,TypeC,90.0,CRITICAL,P1_IMMEDIATE,Within 0 - 12 operating hours,71.5,Good,8.4,RAPID_DEGRADATION,False,1.0294,66.48,"Machine TXM-048 is in CRITICAL condition. Key drivers include severely depleted remaining useful life (8.4h), rapid vibration/temperature degradation."
TXM-043,TypeC,90.0,CRITICAL,P1_IMMEDIATE,Within 0 - 12 operating hours,73.1,Good,1.4,RAPID_DEGRADATION,False,0.8387,73.74,"Machine TXM-043 is in CRITICAL condition. Key drivers include severely depleted remaining useful life (1.4h), rapid vibration/temperature degradation."
TXM-015,TypeE,90.0,CRITICAL,P1_IMMEDIATE,Within 0 - 12 operating hours,73.6,Good,1.8,RAPID_DEGRADATION,False,0.9724,65.99,"Machine TXM-015 is in CRITICAL condition. Key drivers include severely depleted remaining useful life (1.8h), rapid vibration/temperature degradation."
TXM-045,TypeE,90.0,CRITICAL,P1_IMMEDIATE,Within 0 - 12 operating hours,75.1,Good,8.0,RAPID_DEGRADATION,False,0.8849,66.91,"Machine TXM-045 is in CRITICAL condition. Key drivers include severely depleted remaining useful life (8.0h), rapid vibration/temperature degradation."
TXM-005,TypeE,90.0,CRITICAL,P1_IMMEDIATE,Within 0 - 12 operating hours,80.4,Good,1.1,RAPID_DEGRADATION,False,0.9437,55.61,"Machine TXM-005 is in CRITICAL condition. Key drivers include severely depleted remaining useful life (1.1h), rapid vibration/temperature degradation."
TXM-020,TypeE,90.0,CRITICAL,P1_IMMEDIATE,Within 0 - 12 operating hours,83.3,Good,1.6,RAPID_DEGRADATION,False,0.8247,61.32,"Machine TXM-020 is in CRITICAL condition. Key drivers include severely depleted remaining useful life (1.6h), rapid vibration/temperature degradation."
TXM-025,TypeE,80.0,CRITICAL,P1_IMMEDIATE,Within 0 - 12 operating hours,78.0,Good,3.5,MODERATE_DEGRADATION,False,1.0433,66.67,"Machine TXM-025 is in CRITICAL condition. Key drivers include severely depleted remaining useful life (3.5h), moderate mechanical degradation."
TXM-030,TypeE,80.0,CRITICAL,P1_IMMEDIATE,Within 0 - 12 operating hours,82.9,Good,9.0,MODERATE_DEGRADATION,False,0.8086,66.8,"Machine TXM-030 is in CRITICAL condition. Key drivers include severely depleted remaining useful life (9.0h), moderate mechanical degradation."
TXM-040,TypeE,80.0,CRITICAL,P1_IMMEDIATE,Within 0 - 12 operating hours,90.5,Good,1.7,MODERATE_DEGRADATION,False,0.7983,60.1,"Machine TXM-040 is in CRITICAL condition. Key drivers include severely depleted remaining useful life (1.7h), moderate mechanical degradation."
TXM-050,TypeE,80.0,CRITICAL,P1_IMMEDIATE,Within 0 - 12 operating hours,90.5,Good,3.0,MODERATE_DEGRADATION,False,0.768,59.55,"Machine TXM-050 is in CRITICAL condition. Key drivers include severely depleted remaining useful life (3.0h), moderate mechanical degradation."
TXM-027,TypeB,61.5,HIGH,P2_HIGH,Within 12 - 24 operating hours,61.3,Good,14.3,RAPID_DEGRADATION,False,1.3839,83.56,"Machine TXM-027 is at HIGH risk of failure. Key drivers include severely depleted remaining useful life (14.3h), rapid vibration/temperature degradation."
TXM-022,TypeB,61.2,HIGH,P2_HIGH,Within 12 - 24 operating hours,60.2,Good,17.1,RAPID_DEGRADATION,False,1.3255,82.92,"Machine TXM-022 is at HIGH risk of failure. Key drivers include severely depleted remaining useful life (17.1h), rapid vibration/temperature degradation."
TXM-017,TypeB,61.2,HIGH,P2_HIGH,Within 12 - 24 operating hours,60.7,Good,15.6,RAPID_DEGRADATION,False,1.3021,82.16,"Machine TXM-017 is at HIGH risk of failure. Key drivers include severely depleted remaining useful life (15.6h), rapid vibration/temperature degradation."
TXM-019,TypeD,61.2,HIGH,P2_HIGH,Within 12 - 24 operating hours,62.3,Good,14.3,RAPID_DEGRADATION,False,1.3354,75.45,"Machine TXM-019 is at HIGH risk of failure. Key drivers include severely depleted remaining useful life (14.3h), rapid vibration/temperature degradation."
TXM-034,TypeD,61.1,HIGH,P2_HIGH,Within 12 - 24 operating hours,63.1,Good,12.5,RAPID_DEGRADATION,False,1.2818,77.33,"Machine TXM-034 is at HIGH risk of failure. Key drivers include severely depleted remaining useful life (12.5h), rapid vibration/temperature degradation."
TXM-042,TypeB,61.1,HIGH,P2_HIGH,Within 12 - 24 operating hours,63.1,Good,13.9,RAPID_DEGRADATION,False,1.1841,79.68,"Machine TXM-042 is at HIGH risk of failure. Key drivers include severely depleted remaining useful life (13.9h), rapid vibration/temperature degradation."
TXM-003,TypeC,60.6,HIGH,P2_HIGH,Within 12 - 24 operating hours,61.7,Good,13.2,RAPID_DEGRADATION,False,1.2,78.25,"Machine TXM-003 is at HIGH risk of failure. Key drivers include severely depleted remaining useful life (13.2h), rapid vibration/temperature degradation."
TXM-007,TypeB,60.4,HIGH,P2_HIGH,Within 12 - 24 operating hours,60.7,Good,18.0,RAPID_DEGRADATION,False,1.3319,79.19,"Machine TXM-007 is at HIGH risk of failure. Key drivers include severely depleted remaining useful life (18.0h), rapid vibration/temperature degradation."
TXM-029,TypeD,60.3,HIGH,P2_HIGH,Within 12 - 24 operating hours,61.7,Good,14.8,RAPID_DEGRADATION,False,1.3473,83.77,"Machine TXM-029 is at HIGH risk of failure. Key drivers include severely depleted remaining useful life (14.8h), rapid vibration/temperature degradation."
TXM-011,TypeA,60.3,HIGH,P2_HIGH,Within 12 - 24 operating hours,64.2,Good,15.3,RAPID_DEGRADATION,False,1.1806,79.89,"Machine TXM-011 is at HIGH risk of failure. Key drivers include severely depleted remaining useful life (15.3h), rapid vibration/temperature degradation."
TXM-044,TypeD,60.0,HIGH,P2_HIGH,Within 12 - 24 operating hours,60.0,Good,19.9,RAPID_DEGRADATION,False,1.3895,81.89,"Machine TXM-044 is at HIGH risk of failure. Key drivers include severely depleted remaining useful life (19.9h), rapid vibration/temperature degradation."
TXM-009,TypeD,60.0,HIGH,P2_HIGH,Within 12 - 24 operating hours,62.3,Good,15.8,RAPID_DEGRADATION,False,1.3568,76.22,"Machine TXM-009 is at HIGH risk of failure. Key drivers include severely depleted remaining useful life (15.8h), rapid vibration/temperature degradation."
TXM-039,TypeD,59.8,MEDIUM,P3_MEDIUM,Within 24 - 72 operating hours,60.7,Good,16.4,RAPID_DEGRADATION,False,1.311,80.73,"Machine TXM-039 shows MEDIUM operational risk. Key drivers include severely depleted remaining useful life (16.4h), rapid vibration/temperature degradation."
TXM-014,TypeD,59.8,MEDIUM,P3_MEDIUM,Within 24 - 72 operating hours,61.8,Good,17.5,RAPID_DEGRADATION,False,1.2206,79.75,"Machine TXM-014 shows MEDIUM operational risk. Key drivers include severely depleted remaining useful life (17.5h), rapid vibration/temperature degradation."
TXM-004,TypeD,59.3,MEDIUM,P3_MEDIUM,Within 24 - 72 operating hours,61.0,Good,19.8,RAPID_DEGRADATION,False,1.2969,81.58,"Machine TXM-004 shows MEDIUM operational risk. Key drivers include severely depleted remaining useful life (19.8h), rapid vibration/temperature degradation."
TXM-036,TypeA,59.2,MEDIUM,P3_MEDIUM,Within 24 - 72 operating hours,61.0,Good,19.4,RAPID_DEGRADATION,False,1.2981,90.76,"Machine TXM-036 shows MEDIUM operational risk. Key drivers include severely depleted remaining useful life (19.4h), rapid vibration/temperature degradation."
TXM-047,TypeB,59.1,MEDIUM,P3_MEDIUM,Within 24 - 72 operating hours,63.0,Good,21.1,RAPID_DEGRADATION,False,1.2203,81.28,"Machine TXM-047 shows MEDIUM operational risk. Key drivers include severely depleted remaining useful life (21.1h), rapid vibration/temperature degradation."
TXM-023,TypeC,58.2,MEDIUM,P3_MEDIUM,Within 24 - 72 operating hours,72.3,Good,13.0,RAPID_DEGRADATION,False,0.9835,67.18,"Machine TXM-023 shows MEDIUM operational risk. Key drivers include severely depleted remaining useful life (13.0h), rapid vibration/temperature degradation."
TXM-002,TypeB,58.1,MEDIUM,P3_MEDIUM,Within 24 - 72 operating hours,61.4,Good,22.5,RAPID_DEGRADATION,False,1.2701,83.98,"Machine TXM-002 shows MEDIUM operational risk. Key drivers include severely depleted remaining useful life (22.5h), rapid vibration/temperature degradation."
TXM-032,TypeB,48.5,MEDIUM,P3_MEDIUM,Within 24 - 72 operating hours,60.9,Good,25.6,RAPID_DEGRADATION,False,1.4371,85.28,"Machine TXM-032 shows MEDIUM operational risk. Key drivers include low remaining useful life (25.6h), rapid vibration/temperature degradation."
TXM-049,TypeD,46.6,MEDIUM,P3_MEDIUM,Within 24 - 72 operating hours,61.0,Good,27.5,RAPID_DEGRADATION,False,1.2987,82.6,"Machine TXM-049 shows MEDIUM operational risk. Key drivers include low remaining useful life (27.5h), rapid vibration/temperature degradation."
TXM-041,TypeA,39.5,LOW,P4_LOW,Within 72 - 168 operating hours,63.7,Good,58.1,RAPID_DEGRADATION,False,1.3202,78.09,Machine TXM-041 shows LOW risk under nominal operation. Key drivers include rapid vibration/temperature degradation.
