machine_id,machine_type,health_state,health_score,risk_level,priority,time_window,rul_hours,vibration_mag,temperature,primary_potential_cause,cited_procedure,confidence,generation_source
TXM-001,TypeA,Warning,34.0,CRITICAL,P1_IMMEDIATE,Within 0 - 12 operating hours,3.4,1.2192,75.17,Stage 3 Rolling Element Bearing Fatigue / Raceway Spalling,SOP-MECH-04,0.92,deterministic_expert_engine
TXM-005,TypeE,Good,80.4,CRITICAL,P1_IMMEDIATE,Within 0 - 12 operating hours,1.1,0.9437,55.61,Stage 3 Rolling Element Bearing Fatigue / Raceway Spalling,SOP-MECH-04,0.92,deterministic_expert_engine
TXM-006,TypeA,Good,70.6,CRITICAL,P1_IMMEDIATE,Within 0 - 12 operating hours,9.8,1.0375,72.31,Stage 3 Rolling Element Bearing Fatigue / Raceway Spalling,SOP-MECH-04,0.92,deterministic_expert_engine
TXM-008,TypeC,Good,63.4,CRITICAL,P1_IMMEDIATE,Within 0 - 12 operating hours,5.0,1.1741,77.38,Stage 3 Rolling Element Bearing Fatigue / Raceway Spalling,SOP-MECH-04,0.92,deterministic_expert_engine
TXM-010,TypeE,Good,67.1,CRITICAL,P1_IMMEDIATE,Within 0 - 12 operating hours,2.3,1.0625,71.71,Stage 3 Rolling Element Bearing Fatigue / Raceway Spalling,SOP-MECH-04,0.92,deterministic_expert_engine
TXM-012,TypeB,Good,64.4,CRITICAL,P1_IMMEDIATE,Within 0 - 12 operating hours,11.8,1.2409,71.35,Stage 3 Rolling Element Bearing Fatigue / Raceway Spalling,SOP-MECH-04,0.92,deterministic_expert_engine
TXM-013,TypeC,Good,59.7,CRITICAL,P1_IMMEDIATE,Within 0 - 12 operating hours,9.8,1.2573,82.02,Stage 3 Rolling Element Bearing Fatigue / Raceway Spalling,SOP-MECH-04,0.92,deterministic_expert_engine
TXM-015,TypeE,Good,73.6,CRITICAL,P1_IMMEDIATE,Within 0 - 12 operating hours,1.8,0.9724,65.99,Stage 3 Rolling Element Bearing Fatigue / Raceway Spalling,SOP-MECH-04,0.92,deterministic_expert_engine
TXM-016,TypeA,Good,68.1,CRITICAL,P1_IMMEDIATE,Within 0 - 12 operating hours,8.5,1.1228,73.18,Stage 3 Rolling Element Bearing Fatigue / Raceway Spalling,SOP-MECH-04,0.92,deterministic_expert_engine
TXM-018,TypeC,Good,64.7,CRITICAL,P1_IMMEDIATE,Within 0 - 12 operating hours,11.5,1.0899,70.76,Stage 3 Rolling Element Bearing Fatigue / Raceway Spalling,SOP-MECH-04,0.92,deterministic_expert_engine
TXM-020,TypeE,Good,83.3,CRITICAL,P1_IMMEDIATE,Within 0 - 12 operating hours,1.6,0.8247,61.32,Stage 3 Rolling Element Bearing Fatigue / Raceway Spalling,SOP-MECH-04,0.92,deterministic_expert_engine
TXM-021,TypeA,Good,62.0,CRITICAL,P1_IMMEDIATE,Within 0 - 12 operating hours,6.4,1.1446,77.91,Stage 3 Rolling Element Bearing Fatigue / Raceway Spalling,SOP-MECH-04,0.92,deterministic_expert_engine
TXM-024,TypeD,Good,61.7,CRITICAL,P1_IMMEDIATE,Within 0 - 12 operating hours,10.5,1.233,82.23,Stage 3 Rolling Element Bearing Fatigue / Raceway Spalling,SOP-MECH-04,0.92,deterministic_expert_engine
TXM-026,TypeA,Good,64.0,CRITICAL,P1_IMMEDIATE,Within 0 - 12 operating hours,11.9,1.2219,71.77,Stage 3 Rolling Element Bearing Fatigue / Raceway Spalling,SOP-MECH-04,0.92,deterministic_expert_engine
TXM-028,TypeC,Good,67.5,CRITICAL,P1_IMMEDIATE,Within 0 - 12 operating hours,4.2,1.122,69.3,Stage 3 Rolling Element Bearing Fatigue / Raceway Spalling,SOP-MECH-04,0.92,deterministic_expert_engine
TXM-031,TypeA,Good,64.7,CRITICAL,P1_IMMEDIATE,Within 0 - 12 operating hours,7.3,1.2296,73.7,Stage 3 Rolling Element Bearing Fatigue / Raceway Spalling,SOP-MECH-04,0.92,deterministic_expert_engine
TXM-033,TypeC,Good,63.3,CRITICAL,P1_IMMEDIATE,Within 0 - 12 operating hours,1.0,1.2762,74.2,Stage 3 Rolling Element Bearing Fatigue / Raceway Spalling,SOP-MECH-04,0.92,deterministic_expert_engine
TXM-035,TypeE,Good,65.7,CRITICAL,P1_IMMEDIATE,Within 0 - 12 operating hours,1.5,1.0646,72.7,Stage 3 Rolling Element Bearing Fatigue / Raceway Spalling,SOP-MECH-04,0.92,deterministic_expert_engine
TXM-037,TypeB,Good,61.8,CRITICAL,P1_IMMEDIATE,Within 0 - 12 operating hours,11.5,1.3795,81.33,Stage 3 Rolling Element Bearing Fatigue / Raceway Spalling,SOP-MECH-04,0.92,deterministic_expert_engine
TXM-038,TypeC,Good,70.1,CRITICAL,P1_IMMEDIATE,Within 0 - 12 operating hours,6.7,1.0263,69.84,Stage 3 Rolling Element Bearing Fatigue / Raceway Spalling,SOP-MECH-04,0.92,deterministic_expert_engine
TXM-043,TypeC,Good,73.1,CRITICAL,P1_IMMEDIATE,Within 0 - 12 operating hours,1.4,0.8387,73.74,Stage 3 Rolling Element Bearing Fatigue / Raceway Spalling,SOP-MECH-04,0.92,deterministic_expert_engine
TXM-045,TypeE,Good,75.1,CRITICAL,P1_IMMEDIATE,Within 0 - 12 operating hours,8.0,0.8849,66.91,Stage 3 Rolling Element Bearing Fatigue / Raceway Spalling,SOP-MECH-04,0.92,deterministic_expert_engine
TXM-046,TypeA,Good,66.4,CRITICAL,P1_IMMEDIATE,Within 0 - 12 operating hours,9.4,1.1464,75.77,Stage 3 Rolling Element Bearing Fatigue / Raceway Spalling,SOP-MECH-04,0.92,deterministic_expert_engine
TXM-048,TypeC,Good,71.5,CRITICAL,P1_IMMEDIATE,Within 0 - 12 operating hours,8.4,1.0294,66.48,Stage 3 Rolling Element Bearing Fatigue / Raceway Spalling,SOP-MECH-04,0.92,deterministic_expert_engine
TXM-025,TypeE,Good,78.0,CRITICAL,P1_IMMEDIATE,Within 0 - 12 operating hours,3.5,1.0433,66.67,Stage 3 Rolling Element Bearing Fatigue / Raceway Spalling,SOP-MECH-04,0.92,deterministic_expert_engine
TXM-030,TypeE,Good,82.9,CRITICAL,P1_IMMEDIATE,Within 0 - 12 operating hours,9.0,0.8086,66.8,Stage 3 Rolling Element Bearing Fatigue / Raceway Spalling,SOP-MECH-04,0.92,deterministic_expert_engine
TXM-040,TypeE,Good,90.5,CRITICAL,P1_IMMEDIATE,Within 0 - 12 operating hours,1.7,0.7983,60.1,Stage 3 Rolling Element Bearing Fatigue / Raceway Spalling,SOP-MECH-04,0.92,deterministic_expert_engine
TXM-050,TypeE,Good,90.5,CRITICAL,P1_IMMEDIATE,Within 0 - 12 operating hours,3.0,0.768,59.55,Stage 3 Rolling Element Bearing Fatigue / Raceway Spalling,SOP-MECH-04,0.92,deterministic_expert_engine
TXM-027,TypeB,Good,61.3,HIGH,P2_HIGH,Within 12 - 24 operating hours,14.3,1.3839,83.56,Stage 3 Rolling Element Bearing Fatigue / Raceway Spalling,SOP-MECH-04,0.92,deterministic_expert_engine
TXM-017,TypeB,Good,60.7,HIGH,P2_HIGH,Within 12 - 24 operating hours,15.6,1.3021,82.16,Stage 3 Rolling Element Bearing Fatigue / Raceway Spalling,SOP-MECH-04,0.92,deterministic_expert_engine
TXM-019,TypeD,Good,62.3,HIGH,P2_HIGH,Within 12 - 24 operating hours,14.3,1.3354,75.45,Stage 3 Rolling Element Bearing Fatigue / Raceway Spalling,SOP-MECH-04,0.92,deterministic_expert_engine
TXM-022,TypeB,Good,60.2,HIGH,P2_HIGH,Within 12 - 24 operating hours,17.1,1.3255,82.92,Stage 3 Rolling Element Bearing Fatigue / Raceway Spalling,SOP-MECH-04,0.92,deterministic_expert_engine
TXM-034,TypeD,Good,63.1,HIGH,P2_HIGH,Within 12 - 24 operating hours,12.5,1.2818,77.33,Stage 3 Rolling Element Bearing Fatigue / Raceway Spalling,SOP-MECH-04,0.92,deterministic_expert_engine
TXM-042,TypeB,Good,63.1,HIGH,P2_HIGH,Within 12 - 24 operating hours,13.9,1.1841,79.68,Stage 3 Rolling Element Bearing Fatigue / Raceway Spalling,SOP-MECH-04,0.92,deterministic_expert_engine
TXM-003,TypeC,Good,61.7,HIGH,P2_HIGH,Within 12 - 24 operating hours,13.2,1.2,78.25,Stage 3 Rolling Element Bearing Fatigue / Raceway Spalling,SOP-MECH-04,0.92,deterministic_expert_engine
TXM-007,TypeB,Good,60.7,HIGH,P2_HIGH,Within 12 - 24 operating hours,18.0,1.3319,79.19,Stage 3 Rolling Element Bearing Fatigue / Raceway Spalling,SOP-MECH-04,0.92,deterministic_expert_engine
TXM-011,TypeA,Good,64.2,HIGH,P2_HIGH,Within 12 - 24 operating hours,15.3,1.1806,79.89,Stage 3 Rolling Element Bearing Fatigue / Raceway Spalling,SOP-MECH-04,0.92,deterministic_expert_engine
TXM-029,TypeD,Good,61.7,HIGH,P2_HIGH,Within 12 - 24 operating hours,14.8,1.3473,83.77,Stage 3 Rolling Element Bearing Fatigue / Raceway Spalling,SOP-MECH-04,0.92,deterministic_expert_engine
TXM-009,TypeD,Good,62.3,HIGH,P2_HIGH,Within 12 - 24 operating hours,15.8,1.3568,76.22,Stage 3 Rolling Element Bearing Fatigue / Raceway Spalling,SOP-MECH-04,0.92,deterministic_expert_engine
TXM-044,TypeD,Good,60.0,HIGH,P2_HIGH,Within 12 - 24 operating hours,19.9,1.3895,81.89,Stage 3 Rolling Element Bearing Fatigue / Raceway Spalling,SOP-MECH-04,0.92,deterministic_expert_engine
TXM-014,TypeD,Good,61.8,MEDIUM,P3_MEDIUM,Within 24 - 72 operating hours,17.5,1.2206,79.75,Stage 3 Rolling Element Bearing Fatigue / Raceway Spalling,SOP-MECH-04,0.92,deterministic_expert_engine
TXM-039,TypeD,Good,60.7,MEDIUM,P3_MEDIUM,Within 24 - 72 operating hours,16.4,1.311,80.73,Stage 3 Rolling Element Bearing Fatigue / Raceway Spalling,SOP-MECH-04,0.92,deterministic_expert_engine
TXM-004,TypeD,Good,61.0,MEDIUM,P3_MEDIUM,Within 24 - 72 operating hours,19.8,1.2969,81.58,Stage 3 Rolling Element Bearing Fatigue / Raceway Spalling,SOP-MECH-04,0.92,deterministic_expert_engine
TXM-036,TypeA,Good,61.0,MEDIUM,P3_MEDIUM,Within 24 - 72 operating hours,19.4,1.2981,90.76,Stage 3 Rolling Element Bearing Fatigue / Raceway Spalling,SOP-MECH-04,0.92,deterministic_expert_engine
TXM-047,TypeB,Good,63.0,MEDIUM,P3_MEDIUM,Within 24 - 72 operating hours,21.1,1.2203,81.28,Stage 3 Rolling Element Bearing Fatigue / Raceway Spalling,SOP-MECH-04,0.92,deterministic_expert_engine
TXM-023,TypeC,Good,72.3,MEDIUM,P3_MEDIUM,Within 24 - 72 operating hours,13.0,0.9835,67.18,Stage 3 Rolling Element Bearing Fatigue / Raceway Spalling,SOP-MECH-04,0.92,deterministic_expert_engine
TXM-002,TypeB,Good,61.4,MEDIUM,P3_MEDIUM,Within 24 - 72 operating hours,22.5,1.2701,83.98,Stage 3 Rolling Element Bearing Fatigue / Raceway Spalling,SOP-MECH-04,0.92,deterministic_expert_engine
TXM-032,TypeB,Good,60.9,MEDIUM,P3_MEDIUM,Within 24 - 72 operating hours,25.6,1.4371,85.28,Stage 3 Rolling Element Bearing Fatigue / Raceway Spalling,SOP-MECH-04,0.92,deterministic_expert_engine
TXM-049,TypeD,Good,61.0,MEDIUM,P3_MEDIUM,Within 24 - 72 operating hours,27.5,1.2987,82.6,Stage 3 Rolling Element Bearing Fatigue / Raceway Spalling,SOP-MECH-04,0.92,deterministic_expert_engine
TXM-041,TypeA,Good,63.7,LOW,P4_LOW,Within 72 - 168 operating hours,58.1,1.3202,78.09,Stage 3 Rolling Element Bearing Fatigue / Raceway Spalling,SOP-MECH-04,0.92,deterministic_expert_engine
